"Adresse","Occurrences","Meta Description 1","Longueur de la Meta Description 1","Largeur en pixels de la Meta Description 1","Indexabilité","Statut d'indexabilité"
"https://vintagefrenchart.com/","1","Brocanteur et antiquaire a Castres dans le Tarn. Achetez en ligne des objets vintage, plaques emaillees, luminaires et meubles anciens.","135","824","Indexable",""
"https://vintagefrenchart.com/produit/flavio-poli-bol-en-verre-de-murano-italien/","1","Bol en verre de Murano italien par Flavio Poli. Design Sommerso vintage de collection. Verrerie d'art signée.","109","653","Indexable",""
"https://vintagefrenchart.com/categorie-produit/jouets-vintage/","1","Jouet vintage et jeux de Collection Votre brocante en ligne Vintage French Art, située aux alentours de Castres en France, vous présente sa catégorie jouet vintage et de collection. Un jouet ancien, que ce soit un lot de poupée ou une figurine vintage fait appel aux souvenirs de notre enfance.…","295","1782","Indexable",""
"https://vintagefrenchart.com/boutique/","1","Explorez notre boutique d'art vintage français. Affiches, illustrations et œuvres originales soigneusement sélectionnées. Pièces uniques et authentiques pour décorer votre intérieur.","182","1105","Indexable",""
"https://vintagefrenchart.com/produit/plaque-emaillee-ancienne-odo/","1","Ancienne plaque émaillée ODO double face. Publicité vintage d'horlogerie pour collectionneurs. Pièce authentique et rare.","121","740","Indexable",""
"https://vintagefrenchart.com/contact/","1","Contactez Vintage French Art pour une estimation gratuite, un achat ou une question. Brocanteur et antiquaire dans le Tarn a Castres.","133","828","Indexable",""
"https://vintagefrenchart.com/brocante-castres/","1","Tout savoir sur la brocante a Castres : marches d'antiquites, foires, brocanteurs locaux et histoire du marche aux puces castrain. Guide complet.","145","886","Indexable",""
"https://vintagefrenchart.com/cart/","0","","0","0","Non indexable","noindex"
"https://vintagefrenchart.com/presentation/","1","Vintage French Art : brocanteur et antiquaire passionne base dans le Tarn. Notre histoire, notre passion pour les objets vintage et anciens.","140","848","Indexable",""
"https://vintagefrenchart.com/conditions-generales-vente/","1","Conditions générales de vente de la brocante en ligne Castraise Vintage French Art","82","507","Non indexable","noindex"
"https://vintagefrenchart.com/categorie-produit/assises/","1","Votre brocante proche de Castres Vintage French Art, vous propose   tout ce qui est relatif aux assises. Les canapés, les banquettes, les tabourets, chaises et fauteuils  sont des pièces maîtresses de notre décoration intérieure, qui reflètent notre personnalité et notre sens de l’hospitalité. L’univers des assises est riche et varié…","336","1989","Indexable",""
"https://vintagefrenchart.com/conditions-generales-utilisation/","1","Ici vous trouverez les conditions générales d'utilisation de Vintage French Art la brocante en ligne de Castres dans le Tarn (81) et toute la France.","149","886","Non indexable","noindex"
"https://vintagefrenchart.com/categorie-produit/objets-dart-et-decoration/","1","Objets d’Art et décoration Mon métier de brocanteur à Castres me permet de chiner (achat d’objets anciens) et revendre des objets d’art contemporain, des objets du XVIIe siècle,  XVIIIe siècle, XIXe siècle et XXe siècle. Je suis un passionné d’art dans sa globalité (tableaux, sculpture, statue, le design moderne …).…","318","1912","Indexable",""
"https://vintagefrenchart.com/foire-aux-questions/","1","Foire aux questions : réponses a vos questions sur la brocante en ligne, les estimations, la livraison et l'achat d'antiquités chez Vintage French Art.","151","893","Indexable",""
"https://vintagefrenchart.com/my-account/woo-wish-list/","0","","0","0","Non indexable","noindex"
"https://vintagefrenchart.com/categorie-produit/montre-vintage/","1","Les montres vintage – Les montres de collection Amateur de belles montres vintage de collection ? Votre brocante de Castres aussi ! Venez découvrir nos prestigieuses montres de collection des plus grandes marques à tous les prix. L’univers de la montre de luxe vintage me fait rêver depuis tout petit,…","302","1849","Indexable",""
"https://vintagefrenchart.com/categorie-produit/mode-luxe-vintage/","1","Vintage French Art votre antiquaire / brocanteur à Castres vous présente une grande fierté française : La Mode. Inscrite au patrimoine culturel français, la mode à la française est un art de vivre, de penser.  La mode a souvent été avant-gardiste, novatrice et transgressive insufflant de nouveaux codes à la…","309","1872","Indexable",""
"https://vintagefrenchart.com/politique-de-cookie/","1","Politique de cookies de Vintage French Art, boutique en ligne de brocante à Castres dans le Tarn (81). Gestion et utilisation des cookies sur notre site.","153","914","Non indexable","noindex"
"https://vintagefrenchart.com/mentions-legales-et-politique-de-confidentialite/","1","Qui sommes-nous ? Ceci est la page des mentions légales et politique de confidentialité où vous trouverez toutes les informations référentes à cette dernière.","158","961","Non indexable","noindex"
"https://vintagefrenchart.com/produit/hermes-belami-flacon-de-parfum-geant-brocante-en-ligne/","1","Flacon de parfum géant Hermès BelAmi de collection. Objet vintage parfumerie de luxe française. Décoration raffinée.","116","722","Indexable",""
"https://vintagefrenchart.com/categorie-produit/meuble-ancien/","1","Retrouvez tout le mobilier vintage que vous recherchez. Grand designers, au mobilier classique en passant par l’industriel tout y est !","135","810","Indexable",""
"https://vintagefrenchart.com/blog/","1","Blog Vintage French Art : conseils et découvertes sur les antiquités, brocantes et objets vintage. Conseils d'experts pour passionnés.","134","810","Indexable",""
"https://vintagefrenchart.com/categorie-produit/decoration-vintage/","1","La décoration d’intérieur vintage est très tendance. De la chambre d’enfant, à  la salle de bain en passant par les cuisines, salle à manger ou salon vintage chaque pièce de la maison peut recevoir une ambiance chaleureuse avec de la décoration rétro authentique et les idées déco vintage  ne manquent…","302","1844","Indexable",""
"https://vintagefrenchart.com/categorie-produit/luminaire/","1","La brocante en ligne Vintage French Art, située à Castres dans le Tarn, vous a déniché tous types de luminaires vintages : appliques, lampes, lustres, éclairages industriels … Il y en a pour tout les goûts, pour tous les styles ! En décoration l’éclairage est la touche finale qui vient…","287","1689","Indexable",""
"https://vintagefrenchart.com/categorie-produit/arts-table/","0","","0","0","Indexable",""
"https://vintagefrenchart.com/plan-du-site/","1","ici vous trouverez une vue d'ensemble de la structure du site.","62","371","Non indexable","noindex"
"https://vintagefrenchart.com/categorie-produit/plaque-ancienne-pub-vintage/","1","Les plaques anciennes et objets publicitaires vintage de collection La brocante en ligne Vintage French Art, située vers Castres en France, est remplie de nostalgie au moment de vous présenter ses plaques anciennes et ses articles publicitaires vintage … Les objets publicitaires vintage, notamment les plaques anciennes sont d’excellents objets…","346","2109","Indexable",""
"https://vintagefrenchart.com/produit/canif-couteau-de-poche-jean-jaures/","1","Canif couteau de poche Jean Jaurès de collection. Objet politique vintage rare. Pièce historique française authentique.","119","727","Indexable",""
"https://vintagefrenchart.com/produit/plaque-emaillee-vintage-pneus-dunlop/","1","Plaque émaillée vintage Pneus Dunlop authentique. Décoration murale publicitaire rétro pour collectionneurs. Livraison soignée.","127","785","Indexable",""
"https://vintagefrenchart.com/produit/camille-tharaud-vase-art-deco-porcelaine-de-limoges/","1","Vase Art Déco par Camille Tharaud en porcelaine de Limoges. Pièce signée de collection. Céramique française d'exception.","120","749","Indexable",""
"https://vintagefrenchart.com/produit/tableau-huile-sur-toile-arthur-foache-1871-1967/","1","Tableau huile sur toile signé par le baron Pierre Arthur Foache (1871-1967). Peinture française de collection. Œuvre authentique.","129","788","Indexable",""
"https://vintagefrenchart.com/produit/nina-ricci-flacon-de-parfum-geant-nina-brocante-en-ligne/","1","Flacon de parfum géant Nina Ricci NiNa vintage. Collection parfumerie de luxe française. Objet décoratif d'exception.","117","717","Indexable",""
"https://vintagefrenchart.com/produit/joustra-le-chat-joueur/","1","Joustra Le Chat Joueur, jouet mécanique vintage français. Objet de collection pour amateur de jouets anciens. État d'origine.","125","768","Indexable",""
"https://vintagefrenchart.com/produit/berrogaz-plaque-ancienne-publicitaire/","1","BERROGAZ : Plaque ancienne publicitaire Objet de collection vintage pour décoration murale authentique. Achat en ligne sécurisé.","128","797","Indexable",""
"https://vintagefrenchart.com/produit/chocolat-menier-plaque-emaillee/","1","Plaque émaillée Chocolat Menier originale. Icône de la publicité française vintage. Objet de collection et décoration murale.","125","749","Indexable",""
"https://vintagefrenchart.com/produit/jouet-vintage-mont-blanc-oscar/","1","Jouet vintage Montblanc Triporteur « Oscar, jamais en retard ». Objet de collection jouet ancien français. Pièce rare.","118","710","Indexable",""
"https://vintagefrenchart.com/produit/vanderbilt-flacon-de-parfum-geant-brocante-en-ligne/","1","Flacon de parfum géant Vanderbilt vintage. Objet de collection parfumerie de luxe. Décoration originale pour vitrine.","117","709","Indexable",""
"https://vintagefrenchart.com/produit/plaque-emaillee-touring-club-france/","1","Plaque émaillée Touring Club de France des années 1940. Pièce rare de collection automobile vintage. Brocante en ligne.","119","738","Indexable",""
"https://vintagefrenchart.com/produit/lampe-bureau-zig-zag-chan-shui-elite-annees-80/","1","Lampe de bureau Zig Zag par Chan Shui pour Elite, années 1980. Design postmoderne de collection. Luminaire vintage original.","124","780","Indexable",""
"https://vintagefrenchart.com/produit/arne-jacobsen-lampe-vintage-scandinave/","1","Lampe vintage design scandinave des années 1950/60, dans le style d'Arne Jacobsen. Luminaire de collection nordique authentique.","128","817","Indexable",""
"https://vintagefrenchart.com/produit/plaque-emaillee-ancienne-vedette-capiello/","1","Plaque émaillée ancienne Vedette signée Cappiello. Chef-d'œuvre de l'art publicitaire français. Collection vintage authentique.","127","767","Indexable",""
"https://vintagefrenchart.com/produit/lampe-vintage-tizio-richard-sapper/","1","Lampe vintage Tizio par Richard Sapper. Icône du design italien. Luminaire articulé de collection en état fonctionnel.","118","711","Indexable",""
"https://vintagefrenchart.com/produit/lampe-de-bureau-vintage-louis-christian-kalff-brocante-en-ligne/","1","Lampe de bureau vintage par Louis Christian Kalff. Design néerlandais des années 50. Luminaire de collection en état d'origine.","127","780","Indexable",""
"https://vintagefrenchart.com/boutique/page/2/","1","Explorez notre boutique d'art vintage français. Affiches, illustrations et œuvres originales soigneusement sélectionnées. Pièces uniques et authentiques pour décorer votre intérieur.","182","1105","Indexable",""
"https://vintagefrenchart.com/produit/ancienne-plaque-emaillee-jaz-horlogerie/","1","Ancienne plaque émaillée JAZ « Réveil de Précision ». Objet de collection horlogerie publicitaire vintage. État d'origine.","122","717","Indexable",""
"https://vintagefrenchart.com/produit/accolay-lampe-vintage-design-georges-pelletier-1960-70/","1","Lampe vintage Accolay design Georges Pelletier années 1960/70. Céramique d'art française. Luminaire de collection unique.","121","764","Indexable",""
"https://vintagefrenchart.com/boutique/page/4/","1","Explorez notre boutique d'art vintage français. Affiches, illustrations et œuvres originales soigneusement sélectionnées. Pièces uniques et authentiques pour décorer votre intérieur.","182","1105","Indexable",""
"https://vintagefrenchart.com/boutique/page/3/","1","Explorez notre boutique d'art vintage français. Affiches, illustrations et œuvres originales soigneusement sélectionnées. Pièces uniques et authentiques pour décorer votre intérieur.","182","1105","Indexable",""
"https://vintagefrenchart.com/produit/plaque-emaille-pepsi-cola/","1","Plaque ancienne émaillée Pepsi-Cola vintage. Objet de collection publicitaire américain rare en France. Brocante en ligne.","122","738","Indexable",""
"https://vintagefrenchart.com/boutique/page/5/","1","Explorez notre boutique d'art vintage français. Affiches, illustrations et œuvres originales soigneusement sélectionnées. Pièces uniques et authentiques pour décorer votre intérieur.","182","1105","Indexable",""
"https://vintagefrenchart.com/produit/malt-kneipp-ancienne-plaque-publicitaire-laitiere-beuville/","1","Rare plaque ancienne Malt Kneipp illustrée par Beuville. Publicité vintage « La Laitière » de collection. Pièce exceptionnelle.","127","747","Indexable",""
"https://vintagefrenchart.com/produit/roger-bezombes-plaque-emaillee/","1","Plaque émaillée par Roger Bezombes, signée et numérotée. Œuvre d'art émaillé de collection. Pièce unique d'artiste reconnu.","123","759","Indexable",""
"https://vintagefrenchart.com/produit/fauteuils-borsani-osvaldo/","1","Fauteuils de bureau vintage années 70 par Borsani Osvaldo. Design italien de collection. Mobilier professionnel rétro.","118","716","Indexable",""
"https://vintagefrenchart.com/produit/lot-chaise-design-mobilor-herbst/","1","Lot de 5 chaises design René Herbst par Mobilor. Mobilier vintage moderniste de collection. Métal et bois.","106","645","Indexable",""
"https://vintagefrenchart.com/produit/chaise-scandinave-fanett/","1","Chaises scandinaves Fanett par Ilmari Tapiovaara. Design finlandais vintage de collection. Mobilier mid-century authentique.","124","767","Indexable",""
"https://vintagefrenchart.com/produit/franz-xavier-bergmann-satyre-bacchante-sujets-bronze-erotique/","1","Bronze Satyre et Bacchante par Franz Xavier Bergmann. Art viennois érotique de collection. Sculpture signée authentique.","120","750","Indexable",""
"https://vintagefrenchart.com/produit/sculpture-buste-terre-cuite-hauchecorne/","1","Sculpture buste en terre cuite signée G. Hauchecorne. Art français de collection. Pièce originale d'atelier.","108","637","Indexable",""
"https://vintagefrenchart.com/produit/vase-verre-emaille-mary-gregory/","1","Vase en verre émaillé XIXème siècle de Mary Gregory. Antiquité verrerie de collection. Décor enfantin caractéristique.","118","713","Indexable",""
"https://vintagefrenchart.com/produit/coupe-1900-edouard-stellmacher/","1","Coupe Art Nouveau 1900 par Edouard Stellmacher. Céramique de collection autrichienne. Pièce signée d'exception.","111","706","Indexable",""
"https://vintagefrenchart.com/produit/serre-livres-art-deco-1930/","1","Serre-livres Art Déco des années 1930. Objet de collection vintage pour bureau ou bibliothèque. Décoration authentique.","119","735","Indexable",""
"https://vintagefrenchart.com/produit/serre-livre-art-deco-faience/","1","Paire de serre-livres Art Déco en faïence de collection. Objets vintage décoratifs pour intérieur de caractère.","111","654","Indexable",""
"https://vintagefrenchart.com/produit/paire-vases-opaline-emaillee/","1","Paire de vases en opaline émaillée du XIXème siècle. Antiquités françaises de collection. Décor floral peint main.","114","683","Indexable",""
"https://vintagefrenchart.com/produit/vase-verre-emaille-bleu-cobalt-epoque-xixeme/","1","Vase en verre émaillé bleu cobalt du XIXème siècle. Antiquité française de collection. Décor floral peint à la main.","116","686","Indexable",""
"https://vintagefrenchart.com/produit/cendrier-jacques-adnet/","1","Cendrier sur pied par Jacques Adnet. Design français vintage de collection. Objet décoratif moderniste authentique.","115","710","Indexable",""
"https://vintagefrenchart.com/categorie-produit/objets-dart-et-decoration/page/2/","1","Objets d’Art et décoration Mon métier de brocanteur à Castres me permet de chiner (achat d’objets anciens) et revendre des objets d’art contemporain, des objets du XVIIe siècle,  XVIIIe siècle, XIXe siècle et XXe siècle. Je suis un passionné d’art dans sa globalité (tableaux, sculpture, statue, le design moderne …).…","318","1912","Indexable",""
"https://vintagefrenchart.com/produit/omega-seamaster-automatic-montre-collection-1960/","1","Montre Omega Seamaster Automatic de 1960. Horlogerie suisse vintage de collection. Mouvement automatique d'origine.","115","749","Indexable",""
"https://vintagefrenchart.com/produit/montre-de-collection-jaeger-lecoultre-montre-de-poche/","1","Montre à gousset Jaeger-LeCoultre de 1930. Horlogerie suisse de collection. Pièce vintage en état de fonctionnement.","116","724","Indexable",""
"https://vintagefrenchart.com/my-account/lost-password/","0","","0","0","Non indexable","noindex"
"https://vintagefrenchart.com/produit/brocante-en-ligne-montre-vintage-sicura/","1","Montre vintage Sicura de collection. Horlogerie suisse accessible. Pièce rétro en état de fonctionnement.","105","639","Indexable",""
"https://vintagefrenchart.com/produit/dior-foulard-vintage-soie/","1","Foulard Christian Dior vintage en soie de 1970. Mode luxe française de collection. Accessoire signé authentique.","112","686","Indexable",""
"https://vintagefrenchart.com/produit/hermes-foulard-vintage-soie/","1","Foulard Hermès vintage en soie de 1965. Carré de collection signé. Mode luxe française. Accessoire rare et authentique.","119","734","Indexable",""
"https://vintagefrenchart.com/produit/valentino-flacon-de-parfum-geant-brocante-en-ligne/","1","Flacon de parfum géant Valentino vintage de collection. Objet décoratif luxe pour amateur de parfumerie. Pièce rare.","116","715","Indexable",""
"https://vintagefrenchart.com/produit/coiffeuse-secretaire-vintage-scandinave-annees-60/","1","Coiffeuse « Carina » secrétaire vintage scandinave des années 60. Mobilier design nordique de collection. Meuble multifonction.","127","782","Indexable",""
"https://vintagefrenchart.com/produit/gueridon-vintage-table-appoint-design-scandinave-annee-60/","1","Guéridon vintage et table d'appoint design scandinave des années 60. Mobilier mid-century de collection en bois.","112","690","Indexable",""
"https://vintagefrenchart.com/articles-brocante-monde/","0","","0","0","Indexable",""
"https://vintagefrenchart.com/comment-mettre-du-caractere-a-sa-decoration-boheme-chic/","1","Le style boheme chic pour votre interieur : tissus ethniques, plantes, objets chines et couleurs chaudes. Guide complet pour une deco bohemienne reussie.","153","942","Indexable",""
"https://vintagefrenchart.com/articles-bon-a-savoir/","0","","0","0","Non indexable","noindex"
"https://vintagefrenchart.com/quoi-vendre-marche-aux-puces/","1","Decouvrez les 20 meilleurs produits a vendre sur un marche aux puces pour gagner de l'argent. Vetements, bijoux, vinyles, meubles... Guide pratique du vendeur.","159","982","Indexable",""
"https://vintagefrenchart.com/la-decoration-industrielle-pour-un-salon-dhistoire-et-daudace/","1","Adoptez la decoration industrielle : meubles en metal, luminaires d'usine et bois brut. Conseils et idees pour un salon au style factory authentique.","149","890","Indexable",""
"https://vintagefrenchart.com/la-decoration-campagne-chic-pour-un-interieur-country/","1","Creez une decoration campagne chic chez vous : materiaux naturels, couleurs douces, mobilier rustique et objets vintage. 15 idees inspirantes et conseils.","154","942","Indexable",""
"https://vintagefrenchart.com/estimation-antiquites-brocante-castres/","1","Castres brocante : faites estimer vos antiquites gratuitement a Castres (Tarn). Expert en objets anciens, meubles, tableaux et curiosites.","138","835","Indexable",""
"https://vintagefrenchart.com/7-astuces-restauration-meuble-ancien-brocante-castres/","1","Brocante à Castres : Apprenez a restaurer un meuble ancien avec 7 astuces de brocanteur professionnel. Nettoyage, reparation et finition","136","845","Indexable",""
"https://vintagefrenchart.com/histoire/","0","","0","0","Non indexable","noindex"
"https://vintagefrenchart.com/la-deco-scandinave-un-design-nordique-incontournable-pour-votre-interieur/","1","Tout savoir sur la decoration scandinave : lignes epurees, bois clair, hygge et minimalisme. Conseils pour creer un interieur nordique chaleureux.","146","880","Indexable",""
"https://vintagefrenchart.com/author/jean/","0","","0","0","Indexable",""
"https://vintagefrenchart.com/author/micka-m-81/","0","","0","0","Indexable",""
"https://vintagefrenchart.com/blog/page/2/","1","Blog Vintage French Art : conseils et découvertes sur les antiquités, brocantes et objets vintage. Conseils d'experts pour passionnés.","134","810","Indexable",""
"https://vintagefrenchart.com/articles-brocante-espagne/","0","","0","0","Indexable",""
"https://vintagefrenchart.com/decoration/","0","","0","0","Indexable",""
"https://vintagefrenchart.com/origines-marche-aux-puces/","1","D'ou vient l'expression marche aux puces ? Decouvrez l'histoire fascinante de ce nom, des origines parisiennes aux puces modernes. Etymologie et anecdotes.","155","966","Indexable",""
"https://vintagefrenchart.com/realisez-une-decoration-vintage-a-votre-image/","1","La decoration vintage est la tendance du moment : decouvrez comment integrer des objets anciens et retro dans votre interieur. Conseils et inspirations.","152","934","Indexable",""
"https://vintagefrenchart.com/seville-et-ses-marches/","1","Decouvrez les meilleurs marches aux puces de Seville : Mercadillo del Jueves, Charco la Pava et les brocantes incontournables de l'Andalousie.","142","870","Indexable",""
"https://vintagefrenchart.com/brocante-comment-devenir-bon-chineur/","1","Devenez un chineur expert : 7 conseils de professionnel pour bien chiner en brocante. Preparation, outils, connaissances et astuces de terrain.","143","869","Indexable",""
"https://vintagefrenchart.com/produit/vase-ceramique-jean-gerbino-vallauris/","1","Vase Art Déco en céramique mosaïque par Jean Gerbino, Vallauris. Pièce signée de collection. Art céramique français vintage.","124","771","Indexable",""
"https://vintagefrenchart.com/produit/lampe-art-deco-fer-forge-tulipes-muller-freres/","1","Lampe Art Déco en fer forgé avec tulipes signées Müller Frères. Luminaire français des années 1920/30. Pièce d'exception.","121","752","Indexable",""
"https://vintagefrenchart.com/produit/luminaires-vintage-ingo-maurer/","1","Authentique lampe « ressort » vintage par Ingo Maurer, années 70. Icône du design allemand. Luminaire de collection recherché.","126","787","Indexable",""
"https://vintagefrenchart.com/produit/lampe-de-table-art-deco/","1","Lampe de table Art Déco vintage. Luminaire français des années 1920/30. Design élégant pour intérieur de caractère.","115","721","Indexable",""
"https://vintagefrenchart.com/produit/lampe-policris-barcelona/","1","Lampe de table vintage Policris Barcelona des années 70. Design espagnol de collection. Luminaire rétro original et fonctionnel.","128","782","Indexable",""
"https://vintagefrenchart.com/produit/fritz-diller-lampe-sculpture-circa-1930/","1","Lampe sculpture par Fritz Diller circa 1930. Art Déco allemand d'exception. Luminaire de collection signé et authentique.","121","735","Indexable",""
"https://vintagefrenchart.com/produit/shaker-deauville/","1","Shaker Christofle Gallia « Deauville » par Luc Lanel. Art Déco français d'exception. Orfèvrerie de collection signée.","117","691","Indexable",""
"https://vintagefrenchart.com/produit/vulcain-seau-a-champagne-original-luc-lanel-pour-christofle/","1","Seau à champagne « Vulcain » par Luc Lanel pour Christofle. Art Déco français d'exception. Orfèvrerie de collection.","116","709","Indexable",""
"https://vintagefrenchart.com/produit/lampe-veilleuse-brule-parfum-argilor/","1","Lampe veilleuse brûle-parfum Argilor. Objet Art Déco français vintage multifonction. Céramique de collection originale.","119","725","Indexable",""
"https://vintagefrenchart.com/produit/assiette-multicolore-email-laiton/","1","Paire d'assiettes décoratives en émail et laiton multicolores. Objets vintage pour décoration murale. Art artisanal.","116","694","Indexable",""
"https://vintagefrenchart.com/petit-tour-du-monde-des-marches-aux-puces/","1","Decouvrez les 10 marches aux puces les plus celebres au monde : de Paris a Tokyo, en passant par Londres et New York. Guide du chineur voyageur.","144","912","Indexable",""
"https://vintagefrenchart.com/brocante-tarn/","1","Brocante tarn et vide-greniers et marches aux puces du Tarn (81). Calendrier mis a jour, adresses et conseils pour bien chiner en Occitanie.","140","849","Indexable",""
"https://vintagefrenchart.com/antiquaire-castres/","1","Antiquaire specialise a Castres dans le Tarn. Estimation gratuite de vos objets anciens, meubles, tableaux et curiosites. Achat et vente d'antiquites.","150","900","Indexable",""
"https://vintagefrenchart.com/vide-greniers-castres/","1","Vide greniers castres et dans le Tarn : prochaines dates, emplacements permanents et conseils pour vendre ou chiner. Guide pratique mis a jour.","143","884","Indexable",""
"https://vintagefrenchart.com/produit/vase-imari-19eme-japon-original/","1","Vase Imari japonais du 19ème siècle authentique. Antiquité porcelaine de collection. Décor traditionnel polychrome.","115","708","Indexable",""
"https://vintagefrenchart.com/madrid-et-ses-marches-aux-puces/","1","Guide complet des marches aux puces de Madrid : El Rastro, Cuesta de Moyano, Plaza Mayor... Horaires, adresses et astuces pour chiner en Espagne.","145","922","Indexable",""
"https://vintagefrenchart.com/produit/plaque-emaillee-nestle-creme-de-gruyere/","1","Plaque émaillée Nestlé Crème de Gruyère authentique. Publicité vintage alimentaire de collection. Objet décoratif rétro recherché.","130","790","Indexable",""
"https://vintagefrenchart.com/le-marches-aux-puces-en-espagne/","1","Tout savoir sur la brocante en Espagne : les marches aux puces, l'equivalent d'Emmaus, et les meilleures adresses pour chiner. Guide complet.","141","868","Indexable",""
"https://vintagefrenchart.com/produit/plaque-ancienne-publicitaire-berrogaz/","1","Plaque ancienne publicitaire Berrogaz en état d'origine. Décoration vintage authentique pour collectionneurs avertis.","117","714","Indexable",""
"https://vintagefrenchart.com/etiquette-produit/collection/","0","","0","0","Non indexable","noindex"
"https://vintagefrenchart.com/etiquette-produit/publicites-vintage/","0","","0","0","Non indexable","noindex"
"https://vintagefrenchart.com/etiquette-produit/design/","0","","0","0","Non indexable","noindex"
"https://vintagefrenchart.com/etiquette-produit/lampe/","0","","0","0","Non indexable","noindex"
"https://vintagefrenchart.com/etiquette-produit/ingo-maurer/","0","","0","0","Non indexable","noindex"
"https://vintagefrenchart.com/etiquette-produit/luminaire/","0","","0","0","Non indexable","noindex"
"https://vintagefrenchart.com/etiquette-produit/annee70/","0","","0","0","Non indexable","noindex"
"https://vintagefrenchart.com/etiquette-produit/sicura/","0","","0","0","Non indexable","noindex"
"https://vintagefrenchart.com/etiquette-produit/montre-vintage/","0","","0","0","Non indexable","noindex"
